Accuracy,Sensitivity,Specifity,Time
0.2,1.0,0.0,0.010004758834838867
0.4,0.25,1.0,0.009123802185058594
